Beatles Connect Em 5 Feet Tall Puzzle 4480pc Sure-Lox Apple Licensed 2007 NEWOpens in a new window or tab,$31.47,https://www.ebay.com/itm/255756783211?hash=item3b8c4ace6b:g:KuUAAOSwKsVjOij3&amdata=enc%3AAQAHAAAA4AQSTFgjEIZNXJtXbYQZ10pDwB6EL%2Fti%2BJZ0pXodFMHkylSuhgaIZ0Xa6cT4Gw3QUBCChVUpcao0Sbh9wVkkaKvLhTBah6m2iXuES5m88Y3yKWFLs4bLakjINMAsNLw1pIsYPb8USg9%2BeKgyQQZ9C%2F98mVYb7kJDh0ZRQW%2BsRhtv38mS9uPODM%2Bg0Q1Nt978Sl1rLE6R71nVnY4ZmydFbp%2B%2BKb9bIy7mMB1VEcQpdn9%2FmqVpC09IPgQHN0qA5ICW8icsGW2qRmsaFF2zkRbDCeReB7DqUT40wAFqepPGnvc1%7Ctkp%3ABFBM3Pr3v4Jh
Aquarius A Magical Mystery Tour Of 100 Beatles Song 3000 Pieces Puzzle NEWOpens in a new window or tab,$29.99,https://www.ebay.com/itm/155180143855?hash=item24217514ef:g:pCgAAOSweh9jMjir&amdata=enc%3AAQAHAAAA4GMelSs%2FwztcZmMUyZzRLPnWc1YWCHiNb%2BwlbIaDa6W5ktaOQGbJXiCvLRt5MB5nXz6niLLkQk9XiQfooyOWqrDPgvRJUQyouCJgSYMN%2F%2FYjztN4LrEBu61NeLLO1gsdTH7pyo4VcBO7GaFbxLGwT8aRqDXxFUOVrN%2BaTx2y7%2BaaciTvUV%2F8MQ%2Bh9eKWLWy4ftDFkCQPV4XW7ggWxYK7JlNY2oPbIdJi3fR3jVZYlWzXCdBuADj3V2LDXvZY4BaYoCg8t8pWCPTUT5FrZgaMPvUCJr2%2BSUt%2BWMGAoxjI1TSL%7Ctkp%3ABFBM3Pr3v4Jh
The Beatles Yellow Submarine 2 Sided Jigsaw PuzzlesOpens in a new window or tab,$10.00,https://www.ebay.com/itm/234311903185?epid=1400055421&hash=item368e13e7d1:g:UksAAOSwzQVhpj87&amdata=enc%3AAQAHAAAA4NAj%2BK4dWdnX%2F3Ss1RgFnjgyMEaqQuXmfOWSfJa0wePKHNzqvwQy8pKOxgCS%2FuZFUAjTICmDL09nmD%2BLyXYygcCL0uF2YmZD98pItYUmPXjkd0BFhbh9e4bqgP76iQnjNfG9Nvor5SGsudjGHvfljQ3z%2Fo6nWi9xCWzV7fLJ1TtUg44c9IlUTGYx9de%2F01%2FYdinb2oXUMZMVp1Jq3M5u27RurVWGryO6XqqLacvHomdcQ04Oia4lZFUZ0dye8L7UG8kqhZXrl3elJA1RvQaumjMKihq2IWz9G19uzRGTFvNQ%7Ctkp%3ABFBM3Pr3v4Jh
The Beatles Abbey Road 2 Sided Jigsaw PuzzlesOpens in a new window or tab,$10.00,https://www.ebay.com/itm/234311902114?epid=1528576679&hash=item368e13e3a2:g:CNMAAOSwwI5hpj7Z&amdata=enc%3AAQAHAAAA4A0jbKnhbCdiHf0nw3sOs12MmM%2BWOFuJN%2FM77m2GK8%2FyRqVm%2B%2B4zk%2BmYnIQcCklN8XQg9TWd%2FS5%2FAzSS%2BKyQ8Dk71DP2FTcUuAovHo2oPt%2BKldv8AA8zeiZkBJwW2OdjtV3LlHvGgGvyZxrhuW9xi43NsyOdg5Je6seWUEasuFCv%2FLwJC99f%2FCIeMXnt3KfW77YRLEF3weWEu8tu%2FiZ8ldCkD1TpCUxWcLBzW6DL2jHqhiRzWd9ecX3Rf2Jslo2iVckPEengOtOzaoFZhLYe9WKjdw%2BU69K9E30rztNzJQ%2Bc%7Ctkp%3ABFBM3Pr3v4Jh
"500 Piece Puzzle - Beatles Anthology I [700304045058] USAoploy - 19"" x 19""Opens in a new window or tab",$37.20,https://www.ebay.com/itm/325314764873?epid=1100193155&hash=item4bbe456049:g:oxIAAOSw9cpi~VIk&amdata=enc%3AAQAHAAAAoCFeYbr7Wg6zuZ80bvcQxI9N%2FZNjqwQQK3CkzHsisRzuIvrlDkY2FmZuB9ic85XaH7klcZOIvVRIy0QqdKmYDfd5kU%2FCQDjo0kcVmgRPsMtoy8k5XA6H6bXhPRW13p5%2B4%2BQ%2FDmy6ejxJgHCK5Kq2aeA83gamV2nJ%2BQBqjjVlUWfZnjLo5ynSuzWp5aG0SckESF9tRLuPtdeAyh4DP7jS%2BCw%3D%7Ctkp%3ABk9SR9z697-CYQ
Beatles Connect Em 5 Feet Tall Puzzle 4480pc Sure-Lox Apple Licensed 2007 NEWOpens in a new window or tab,$31.47,https://www.ebay.com/itm/255756783211?hash=item3b8c4ace6b:g:KuUAAOSwKsVjOij3&amdata=enc%3AAQAHAAAA4AQSTFgjEIZNXJtXbYQZ10pDwB6EL%2Fti%2BJZ0pXodFMHkylSuhgaIZ0Xa6cT4Gw3QUBCChVUpcao0Sbh9wVkkaKvLhTBah6m2iXuES5m88Y3yKWFLs4bLakjINMAsNLw1pIN8qWPdVsNdskhBs0iChuMV8xIbfgt9d57aLyrKEUyPskTqGpaR5MYb%2B9ii9R4h9sl0736bgi23Qq7ztMOIfq7GeaEYuXdLV6Sb1jezwpspHEDSBKHhzw8fcQqTStPqBT7Lodgj1MzhvXky8uJqU9PVi6rnnY%2Bku7JLDGcnPvGC%7Ctkp%3ABFBM2KH7v4Jh
Aquarius A Magical Mystery Tour Of 100 Beatles Song 3000 Pieces Puzzle NEWOpens in a new window or tab,$29.99,https://www.ebay.com/itm/155180143855?hash=item24217514ef:g:pCgAAOSweh9jMjir&amdata=enc%3AAQAHAAAA4GMelSs%2FwztcZmMUyZzRLPnWc1YWCHiNb%2BwlbIaDa6W5ktaOQGbJXiCvLRt5MB5nXz6niLLkQk9XiQfooyOWqrDPgvRJUQyouCJgSYMN%2F%2FYjztN4LrEBu61NeLLO1gsdTBo6SudGPcfMpX%2F14Z7xXNGnKVpp6Q4ntVpUfW1a8hshx5UrKSB2Q49oHHKTKjYIMoyvJClxPp1afj4JolzsoIpzAMByTObKcC7oTeNRPyLNdgbbV5uChx8DMsR8dk%2B646Ds0P%2FEezWB1SVOT18Bu8Cx2EH1vgWThtUK8C8haQUg%7Ctkp%3ABFBM2KH7v4Jh
The Beatles Yellow Submarine 2 Sided Jigsaw PuzzlesOpens in a new window or tab,$10.00,https://www.ebay.com/itm/234311903185?epid=1400055421&hash=item368e13e7d1:g:UksAAOSwzQVhpj87&amdata=enc%3AAQAHAAAA4NAj%2BK4dWdnX%2F3Ss1RgFnjgyMEaqQuXmfOWSfJa0wePKHNzqvwQy8pKOxgCS%2FuZFUAjTICmDL09nmD%2BLyXYygcCL0uF2YmZD98pItYUmPXjkd0BFhbh9e4bqgP76iQnjNdLF12nCbQEjmOEbgF1dkZcEvwlpAXJrNHZnaPMJoodTWFlBtmd3o15YygYOz%2F6O8jBH8SSYpureNAIL%2FbVbZQjffpjn7dU%2FTO6d1eyYDTpm3QNhQZ2fZZKEUgoHM3sFcR0wvSl4SR5C8fQeuJHKxFF1pR9hOT4J1%2FkyKpte7ZY2%7Ctkp%3ABFBM2KH7v4Jh
The Beatles Abbey Road 2 Sided Jigsaw PuzzlesOpens in a new window or tab,$10.00,https://www.ebay.com/itm/234311902114?epid=1528576679&hash=item368e13e3a2:g:CNMAAOSwwI5hpj7Z&amdata=enc%3AAQAHAAAA4A0jbKnhbCdiHf0nw3sOs12MmM%2BWOFuJN%2FM77m2GK8%2FyRqVm%2B%2B4zk%2BmYnIQcCklN8XQg9TWd%2FS5%2FAzSS%2BKyQ8Dk71DP2FTcUuAovHo2oPt%2BKldv8AA8zeiZkBJwW2OdjtfQoQ25Ii%2B%2By17Lke1wCCKLx%2FEnPeWXNrUu%2FspWMSPziGIMTUiYDTlRGdBXYcVNv%2F0adGxU%2FuthtZjH1EBa2OUjD8IUJlXsJB1QvnrNzK9qKGH0xWNJckgXEYyJ%2FsY%2FIdPGXMdvpAb3fwR%2FWpF9520brM7dRRdpS3okJ2mTpz8zk%7Ctkp%3ABFBM2KH7v4Jh
"500 Piece Puzzle - Beatles Anthology I [700304045058] USAoploy - 19"" x 19""Opens in a new window or tab",$37.20,https://www.ebay.com/itm/325314764873?epid=1100193155&hash=item4bbe456049:g:oxIAAOSw9cpi~VIk&amdata=enc%3AAQAHAAAAoCFeYbr7Wg6zuZ80bvcQxI9N%2FZNjqwQQK3CkzHsisRzu4MLytxNwIYreO3ObZKFlmExxpm9%2Bk1KcsCJvtyYCVwFJ5yJohB0KvKgw3AhohAsbuQOvi80weCUIPjPtewOkdJC2iCRDJ7d12YKBXoKgnEkekSmKfr2kexDzG1FB1iAlXrrEaV2r%2BuxYp7bz65wPZ4pd%2BRMSJpGHW9z3YPVqtn8%3D%7Ctkp%3ABk9SR9ih-7-CYQ
The Beatles 500 Piece USAopoly Anthology Collectors Series PuzzleOpens in a new window or tab,$15.00,https://www.ebay.com/itm/144724400828?epid=1700014788&hash=item21b23f1abc:g:wNsAAOSwoGRhcXMX&amdata=enc%3AAQAHAAAAoBjftrBISD8%2B02F5Tb0Iy1ZuVwZM2LaXkD%2FJ%2F3P8ibVsRWOGSaQzjTpjEiF3eWuW2eCZ1TcappNg72xeSYepBr0IeAtmi5GgkECtIgSTrvoerN62QBpFgclmzUAd6eDDe9bkHaRpWVppDgx9UwcwEeD87zxUQe%2B5q%2FwjbZVsScVFmjmc5ohhCAkmsZvqQOqr2UlKUKFpP8Wzq%2F0NKqfBfU0%3D%7Ctkp%3ABk9SR9ih-7-CYQ
"THE BEATLES B/W 1000 PC JIGSAW PUZZLE, NEW FACTORY SEALEDOpens in a new window or tab",$19.99,https://www.ebay.com/itm/364022196527?hash=item54c169e92f:g:2hEAAOSwDe1jUX5d&amdata=enc%3AAQAHAAAAoJrtoQfIk4ZxZfScRoyXw8sWys05FhTE13snUuw5gO%2FWIhMjJkLvC9tu2dhBRXMyKekUFYiPvyUtzdwGh4eW%2BO6ZM%2F%2BX81eHkdhL88Pq2Lyhj91jAMn3E2NLttM48B4IiFsIbzn0p%2FBRpd2xm7%2BJ4cv02M7KXN6ASCjdJPNI3Ekhb2FhosU6a0sahiuJ%2B4mKBHxVHoP8yGsXJtXIhXs1C0g%3D%7Ctkp%3ABk9SR9ih-7-CYQ
3000 Piece Beatles Jigsaw Puzzle A Magical Mystery Tour of 100 Songs AquariusOpens in a new window or tab,$19.69,https://www.ebay.com/itm/255414421532?epid=25018196965&hash=item3b77e2c81c:g:vHEAAOSwCuZiAACl&amdata=enc%3AAQAHAAAAoJVuLlNbadAMPpIM48Xgbv23UC8yu4oZNJxvGbJ2RyfTY9os7L2DrVBzNrCjV82QcnHQxfuvCXTHzoUK%2F0eAliOl6ul3i4T%2BYHNW3t6samYohSUMbkwfzfU5ToAqP0afAAI6sl52Y82k7wgC6XLIXjOCvgfJLtW65vJRib%2BTNYTohrNOuHQSmkLwG%2B6K%2Fu6yIz2uL2TR6%2BEbZjad5LedloQ%3D%7Ctkp%3ABk9SR9ih-7-CYQ
New! The Beatles Anthology 1 Puzzle 500 Piece Collectors Series 2005 USAopolyOpens in a new window or tab,$25.00,https://www.ebay.com/itm/314138643797?hash=item49241f4d55:g:FoYAAOSwOYViapLV&amdata=enc%3AAQAHAAAAoH4NbpCp50jE9ADRp8ictWP2AnWBu8LEdkxEUrMtqO8e%2BPUsyj2NhfP1TTEYKOZD6fRRa3qxCSE%2FSvoNMSXOgaST0z4DQhSJ1KlAjoFqQTd9Hy1dWsJ7hJm%2FLQT%2BJrXynCDm3b9wS6s%2FMEe1eEzsx9mILcuT6FbRcmjazlICoeY4HDTmyFmQUVXb%2BJrMGI26pabWUOUP6vFFgOIiMRECx6g%3D%7Ctkp%3ABk9SR9qh-7-CYQ
RARE ?? THE BEATLES YELLOW SUBMARINE JIGSAW PUZZLE-DIDN'T SEE ONE ON EBAY !!--MLOpens in a new window or tab,$49.95,https://www.ebay.com/itm/385184112238?hash=item59aec31e6e:g:JjUAAOSwOTpjRMgM&amdata=enc%3AAQAHAAAAoLA9FfURIoktdFqEZl2kX6gSiBUsdVN1V%2BSawHRUSViXZ9R1V37CUwbih5HYX9yzTmsnd5%2BhS%2Fq%2BkHMPZ1o4mNSY4agiOic%2FjTCvShHzyScDnGFcnrrIZL7KPgzxQgvj28RX9BENDy0sRtRI3S0Ud3WhY2wSM%2FFzQenzZsUWdXP0Tu3c0KLygQqw8gTOYGfdABiNTlsUvwk5DkgLJ5irpqE%3D%7Ctkp%3ABk9SR9qh-7-CYQ
"The Beatles Abbey Road 1000 Piece jigsaw Puzzle 20"" X 27"" New Sealed Opens in a new window or tab",$42.96,https://www.ebay.com/itm/204130951476?epid=1000184423&hash=item2f87272134:g:vh4AAOSwQgJiJ6Yr&amdata=enc%3AAQAHAAAA4Jm50QieixKY8gDVo6AwPP4lNOdvJ61Iy6sxYS6JGSEJEuE4YyMb55K1qRGqNldqDteQqM4hkxNaundG9ndcLvt%2Bfn8Deo8MMzuV7pOKL76ao7dD2ZxzQMKuJ8Hiw8yUvntMMReL9fiqCgktPV6OkYNFF32ThjDDK8LEiR9Vv7iC1s%2F8HZoTL8ckhzEJu2ABq%2FedANwnkNbQ2%2BOiJeO5muqjXq%2BOh99W9ui6VGhaMurHS9CjiqUn9TJv6EAfcYy1N1c%2FIRiasuUS%2BnCpZernlQWi53mBk5%2FdEy%2B6sDbXQstA%7Ctkp%3ABk9SR9qh-7-CYQ
The Beatles - 1000 Piece Jigsaw Puzzle - Aquarius - NEWOpens in a new window or tab,$23.99,https://www.ebay.com/itm/234721571405?epid=27012032460&hash=item36a67ef24d:g:rsoAAOSwpOhjPKPj&amdata=enc%3AAQAHAAAAoAFLIPRS%2B7iNZrWlmL1LBwfqsa53y2GItMXT3ZwtLQLGzyGeD%2F94DeI8FOkHuzfylYz3RvLhViUqoQTbYCir8zqznEcE23elONrGbfO3Vzx0eama3bNOsAC0mybHLTzy9zF9sZ1tYRODQa9q8aPaDm0uYkQPIFNe%2FLoG6lTH3pzdupeN6Ui843z%2FMSKekRAwMwxxoACsefFiUwevlYOTVEQ%3D%7Ctkp%3ABk9SR9qh-7-CYQ
Galison Jigsaw puzzle The BeatlesOpens in a new window or tab,$15.99,https://www.ebay.com/itm/203252106896?epid=205608557&hash=item2f52c50690:g:VPgAAOSwZupgBfhF&amdata=enc%3AAQAHAAAA4PDHY3U%2FQLyjMdQayd90DtjsPpa3JnloLeHQHSZqRXyNjcVjUz5smC9zS6bVdzXRVfisLkR2u%2B7qCLae5oJ4rO0%2BXjern8pQQATbrCKlTOjTRQ6Ve5CwWD4ikDXvv%2BmyVuHk33useTLotcTs7%2FdrxLx3CIC4TQtONwa8RyZoDj3d1N3887a7AsQeXZCVekSVEjEN3RJXuYqU%2F95v0FDkCfFO52fGyc4UuBIKUe8JO45he81siat5VuFkVqiEIuEz6sYgURKV%2Foiy4oSyB5ulQ57JUQl5cZiOai9AMPV%2FaLTw%7Ctkp%3ABk9SR9qh-7-CYQ
The Beatles No. 1 Singles 500 Pc Puzzle (2015) Pieces - COMPLETE                Opens in a new window or tab,$17.99,https://www.ebay.com/itm/225165814881?epid=205608557&hash=item346cedac61:g:EZ8AAOSw5jph~TG2&amdata=enc%3AAQAHAAAA4KSP6G6MHVhxJKzM9%2B2apIeJStz98kqan8MKuJmQRmR1BRI2H20y9QBci7T7nV%2F5bWXzTTY2oPZAR425j9AHEVB8OV%2BFVjOCT2yCHKIAeCoxn7il7Alhx8RjisxClr57OGHZBpQq%2BB4LuAsqLTBVLwkunPE6i0%2FbYZT6VLbvjPtNCrS%2BhK6CHn4kZ%2FHrFzRMtEbwAw6PEsWcDHWwIVB0z3CGj4XPzmLypG9lIHu5Fy8WNksawd1LOTFe2DNPbr2Uf9QAmO0w%2BufRWRYhey9l6WsU1DljUVxhyC21zhO7Hmzo%7Ctkp%3ABFBM2qH7v4Jh
Ravensburger Puzzle 1000 piece puzzle The Beatles Tickets Factory Sealed 20 x 27Opens in a new window or tab,$49.99,https://www.ebay.com/itm/393484378931?hash=item5b9d7f2333:g:2uYAAOSwyexhCsc-&amdata=enc%3AAQAHAAAA4I7%2Fp9PJaQ9Kx6pLXYBzuS7UwM1ZZHCpLbeI7YiZYC4JnirroIxLo6xX43pHxs8cDbwMpRVVNJPq%2F4jSGTNMXiZ%2B2oFwQ%2FOoeb7p5rhYZjm%2BVfr7uROkNW1tA556c4ynUelb1U%2B5SepwcxicBVJKrqEJcx3Z9iXckR91qXwKtHA1l1UmXKJ%2BzOOMNHUpRZ%2F5vb%2FbqwPOAEgQkdYNdmcEZgVtSctQlB0NxHZBipVCzzCJeNEbP4oyyhRv60xURVBp5qFaXQ9LKdRZpc6N8f76IiPLmcrIUuM975JZ7nXlKHpH%7Ctkp%3ABFBM2qH7v4Jh
Ravensburger The Beatles Tickets 1000 Piece Jigsaw Puzzle New & Sealed  Opens in a new window or tab,$24.95,https://www.ebay.com/itm/255733530573?epid=738291711&hash=item3b8ae7ffcd:g:8eEAAOSw0H9jJ8zv&amdata=enc%3AAQAHAAAA4EQGXStQuKbj4Xhp%2BN5Swp7r0submLl7tRAH2AA9l0YWIUix8xsuhGXG37HAQPvq%2BdlK%2FVJxy7WJo3NdOfJMoD3cBh9YA4CKLqURzEjROfu0xercqA3xo8r9CRpPPVJfTVePuNkamOjxEtajuosmvlJtjdF4Rf2x5egoSdEQ0oAcn1HLiad7m6wdBpbrJNGN%2BtZLcRa13euCpEJ45QcIMSFZmMYt8Ktan1Z6v1JmkidLnkUobPuJOKF19I58LPVyXX6jzS8Y%2BwWG0CP6d6X9vr6bOIm6HWP3lpC7CRUbRzpZ%7Ctkp%3ABFBM2qH7v4Jh
Complete 600 Piece Beatles Puzzle **2 Sided** Sgt Pepper Lonely Hearts Club BandOpens in a new window or tab,$19.99,https://www.ebay.com/itm/284944207592?hash=item4257ff8ee8:g:aZMAAOSwptdjCBmz&amdata=enc%3AAQAHAAAAoNE6Ui7SU2WVbj17TMfCZqbUuM99vaRFDsWJaT9VL5QT33kZIemAaEmeQZ1beG4le3%2F1OEL9tYP%2FL7dxlxXsKPKPiClL%2Fs301BufKT3INjjTpZYReGOT%2FIIT1VtNCCxX7V3O4w9IfFiZqLcBZXl4iPT8gBL3Y8IGJPCpkJHvOWi%2FCw%2BnNG7L%2BUjd63pvBsEWMIxTtqKWepH62%2FEF8szbhbs%3D%7Ctkp%3ABk9SR9qh-7-CYQ
Two Beatle Puzzles New Ravensburger Album 1964 1966 & Used The Beatles Aquarius.Opens in a new window or tab,$29.99,https://www.ebay.com/itm/175392249570?hash=item28d63156e2:g:x90AAOSwuZZjBFvo&amdata=enc%3AAQAHAAAAoEpN4%2B3JbPwrvVTBdKdTK49fDMZZn%2BxuggMTMnHSsEyvPZQcRG3NiJUmjA3gA7VwA2R3GhDM%2BGpuYnH18MWzDqH7vDCLxN7DTdPXHEOHrTm7JBdhgbVsNpojmB03qbC%2FH%2FsU%2BiDRua%2BPbOeAKW8Q9Re0l32jev1NtNIBJJHAWkx4KihHv1Zz0wy0oGOt%2FfKQR4vs1UZ2uuPyDff2g8JT01Y%3D%7Ctkp%3ABk9SR9qh-7-CYQ
The Beatles Double Sided White Album 500 Pc Jigsaw Puzzle Collector's EditionOpens in a new window or tab,$11.95,https://www.ebay.com/itm/394200464715?hash=item5bc82dbd4b:g:hSwAAOSwwihi98vT&amdata=enc%3AAQAHAAAAoHBwd%2FbNDl6t93%2Be6ACf3%2BSrSLmOj14lHlk6FJj3hbzdYkrg06XGZHLqS6srgM9GLAC0zKeedG7x65acd5B1KxfbM8n4PV6bCrjN5eGA3zU9QI26sqURSZ8CfkdyN2Ybgm%2B2MEcJc6v0NkmLF4F0iIwUG8Vz02Y3dR8lbhoJnuogFUaMZZ8zRcRSe7OgiB1%2B3pio5X3NBSHbrxOV%2B0OxloY%3D%7Ctkp%3ABk9SR9qh-7-CYQ
Clementoni - The Beatles puzzle 212 pcs.AT THE BBCOpens in a new window or tab,$24.90,https://www.ebay.com/itm/362629357166?hash=item546e64de6e:g:6GUAAOSw7QBcl3V1&amdata=enc%3AAQAHAAAAoNAUfRANcXlDZR5Q0MTL0OE6L%2FZon%2FV%2BjVNJ6dJy%2FsYX22B4pDY%2BFCgHfzVC875OXnR9qMzpGCP6wjrcDPNTvgXCj3yQk9XSyQXWzYbdimaGU%2BPn78M1JIImslsbuzYtky5CrW1ZtqpZgc6343fJ%2F8kPTV51I4rBEJATxcvBdNz9Wn8ffCDZyNwSg2CDc8vQZtOBKyExi5SyjEq4C8hMbzE%3D%7Ctkp%3ABk9SR9qh-7-CYQ
Aquarius 3000pc Puzzle Magical Mystery Tour 100 Beatles Songs NEW SEALED FREE SHOpens in a new window or tab,$38.00,https://www.ebay.com/itm/154866344020?epid=25018196965&hash=item240ec0e054:g:3WYAAOSwwcliFqFW&amdata=enc%3AAQAHAAAAoD0u4JrQDXdu051aU1PaPwDtVWclsh6H2%2BXTW9dzGzpC7UtOIA1A0vylg2iqUoGsNLBfrrCA19pSUFLlMW5LUD9%2BlS%2BIIFNinQK2f5rQqokoM9%2BA5%2FksBFhWXsP0J44LMXBuOOJYI7M%2F3WjY789xWwhYpTHQRdoQRghQo40fwbNCaM6%2FA%2BCZGnEoZ3AR0zmKiLbKwE8JozUwqe6LZ869YK0%3D%7Ctkp%3ABk9SR9qh-7-CYQ
The Beatles Jigsaw: Beatles receiving their OBE'sOpens in a new window or tab,$15.00,https://www.ebay.com/itm/144373020340?hash=item219d4d76b4:g:g3AAAOSw0P9h48rh&amdata=enc%3AAQAHAAAAoEz9BsJZHaml7H3uPfmPntfyLxdslqglm01YET5fOcxYOqym1T1IlJ7AkRoSZY8hG7quvNOEm0%2B3rbLc4wxKCGFQH4lRVwwcAt2lL2ujhXUOlCMiU5QcEXpXkOs0oUukb0ECAL7t2hCVJYUDuPvaD6qQ0YMCnvLi9hBCKyMeccCRPiNoPIHrjoE%2F4usrSYHdgHVs9aT%2BRb7zeIiufnehl%2FI%3D%7Ctkp%3ABk9SR9qh-7-CYQ
The Beatles Anthology 1 Puzzle 500 Pc McCartney Lennon Harrison Starr Gift NEWOpens in a new window or tab,$22.99,https://www.ebay.com/itm/144637977273?hash=item21ad1862b9:g:sd4AAOSw9IRixzMP&amdata=enc%3AAQAHAAAA4IOjqJ6QexYXdva7powfeh6JL4UC9QrnKWoGYx04d11pLldv4X1fmmCufpqdBdrSP9GOCvvS09rf2LdEHnfuAANqHkBSXWKpB0RFDeP8SlkwbajJ79SVXtnJ8zbJUu15x25W0QI3ehAEFhofRI5XUWZamxF4KF4yTEWl2TTC%2FuhhR6Wz4xFLdG0LBIVjiJcM8s6KV290UWhgKpQyGXEjCnH2%2F3mZIX7KpFmnYBQEccO%2BxpDD65qtlThUaiAuICzmz%2FqwUQFntkltlwE9txBi5qB8%2FjxvdM3EkyHGg78iLjFI%7Ctkp%3ABk9SR9qh-7-CYQ
The Beatles - Abbey Road - 1000 Piece Jigsaw Puzzle - Aquarius - NEWOpens in a new window or tab,$23.99,https://www.ebay.com/itm/234631897967?epid=1000184423&hash=item36a126a36f:g:nj0AAOSwb3JhrTr2&amdata=enc%3AAQAHAAAAoA%2B59myeeViEFRx28nwF%2B6VI5qmVP3%2FI1RnDW3shWB2gZGgIAieXWqyYCALCmJ%2F72GeBueP1E50iRdOl4%2Fh6fx%2FCmg02t2smmdXdEUhieKZXZOkKeEQgZIziuTwk6K8x0UXC0WjigNTiLAt6%2BfaMYBw4KFiIWkaPPvwW0a8XUN7XZfNZ1X%2Fnqkpbo9kT2jvpuDqlfPwxe6u3aLouFIvXpjw%3D%7Ctkp%3ABk9SR9qh-7-CYQ
The Beatles Yellow Submarine USAopoly 500 Piece Jigsaw Puzzle 19x19 USAOpens in a new window or tab,$27.97,https://www.ebay.com/itm/165654983782?hash=item2691ce7466:g:dOgAAOSw-eJjERG1&amdata=enc%3AAQAHAAAA4NwGBUZACpJZJfTxfZVqO8MFOb6FQm%2BLO1MX%2F6zLzYtk47Cfdg43P1AbV0RJn4slZMgP8TObzIpq6m3fRPJLLN9eFwVDSO2hyZKcMScBU%2Fd0ew%2BGenuz%2BF3d18lvCnarm8ZkN38lAtXmLaroCmdnb8SNnvWe8GVz7d3NOEzjgKOsMBh1b3vgOjv2MherUV7tm7UVaLf%2F2RodnSb5Naeqq7fsSVrnF1FEMrV4mh2OJGowgf14cil2dVtslA2cXegdPidx5FFbZoPNrarCqd66MhOuXhpDTNTHmV5ZZjZWn%2Fig%7Ctkp%3ABk9SR9qh-7-CYQ
Lot Bundle Of 2 The Beatles Anthology Jigsaw Puzzles 500 Piece Collectors SeriesOpens in a new window or tab,$62.99,https://www.ebay.com/itm/115529200546?hash=item1ae613b3a2:g:01wAAOSwFudiz4gG&amdata=enc%3AAQAHAAAA4NegWz5Ns91o4cVn7yTlXgLeIDsDscqQIx4aiMVFrDFziSgbeBcnM6A68ydcS2Gc%2F9y51vIdWXcFmDKuEHPzbzpn8W73uhgh2ZdYs8%2BPe5SjdUjIbWlq7pjb9KCivaMXXas0ib0T2qb7UCiMZMzoIkvxut1zOdnz8FEco0Q0cYPSNOvka5Jmtt1KOLF6AtnGa%2FPIQZ3fjQKo%2BSOesVIBGYhL5%2BTRjlNWLg97YRbgmYvX4nTHaJ7AAMlmUK2Ow0Ud4PsLhkvvlj8t56OXiYeIKwMsJ3F5weePttR1WTrwB8cc%7Ctkp%3ABk9SR9qh-7-CYQ
"THE BEATLES!  REVOLVER! JIG-SAW  PUZZLE, 500 PIECE COLLECTORS EDITION! NIB!Opens in a new window or tab",$39.99,https://www.ebay.com/itm/164413302055?epid=1300453671&hash=item2647cbe527:g:eh0AAOSw9Ttfdqco&amdata=enc%3AAQAHAAAAoHwG8IU4jboTdHlF0jmF1JMzm9xIMVk1KjGN4O5bV22%2Bj4rOOXqZXCJ9G47i7%2FOrsR0GEvWWwjfr2Jsty3fbPuhvQS7%2FBhyHhdxTI6sEWEzG1oXlSFVHxrKq9lmqnnn1%2FIuBYD%2BIEPLPcALLxnOMTbtrXQF5Sf2JPYseis8XfPbJOEzRxfSjsPMztxW3kKuaQYsX28CihtuQS2UR%2B6e83O0%3D%7Ctkp%3ABk9SR9yh-7-CYQ
Beatles Puzzle 3000 Pieces Aquarius Magical Mystery Tour 100 Songs Rock n RollOpens in a new window or tab,$19.99,https://www.ebay.com/itm/155157316736?epid=25018196965&hash=item242018c480:g:URMAAOSwBEpjHdPE&amdata=enc%3AAQAHAAAAoJjA5eYuqiW3J0GhgO%2B0y6UpsKsRPW7X5wxJWtLEBDNEX4BDDNPWVWkGyEfYpZ7FTaJXVwPMor%2B97%2Bw2Gg6R3Bn6YkemFappbOox31jqPUv61D1FqNjpp2SqsdE92LzuHrwvn%2FulerK0xZKGd0sffVLU0b4yxLsE9DG3i%2FyMTkrAyEew7PTOwRt2TfSRJvOlOfWKazirNxyivMiaAAgxiyc%3D%7Ctkp%3ABk9SR9yh-7-CYQ
The Beatles Anthology #1 Collectors Series Puzzle By: USApoly. “FACTORY SEALED”Opens in a new window or tab,$20.00,https://www.ebay.com/itm/115516711776?epid=1100193155&hash=item1ae5552360:g:0YwAAOSw3SljFoyd&amdata=enc%3AAQAHAAAA4ENVpMxvnq8JW6y7%2BG8v6ipf%2BVAKl1EW4gb52OSEWoUuFqaToyDHTI%2F%2B3BgFoR2WeHU7kKae3uzzB8pkaXe7t5USUph91nYUzCXXGtJW1%2FIB7mUGmK9grWPlkiM6v0H8qgJ8vywiVH48HF10tnt2KJ7TDMV7qFidI%2BRJOyzUiRdHPumi8u5j7nk7GhiQmKKhPsz8Wn%2Fl%2BsThwxmpZSYnB7n4ywn1iRaYmpNyRZIeBBLHqk309g%2BgD9%2BKvIkfRGJiJwgeIHG726XHuYI7mzCbhoUB4cVn0skebIZ4kyAjItrx%7Ctkp%3ABFBM3KH7v4Jh
Beatles Yellow Submarine 1000 Piece Jigsaw PuzzleOpens in a new window or tab,$38.96,https://www.ebay.com/itm/234721074697?hash=item36a6775e09:g:V2AAAOSwQlFjPDuG&amdata=enc%3AAQAHAAAA4OedLASTrPCrhvNYcxKR2qtLhU8gcbWCxJdr%2BK0SBT%2BgDNIcIwVDHz4a3nYkDuMeL895kxDJchYsXCL8C48xyorPSQIX%2BeS65iiDLjIfb7qJRFwnmHireekimK3LqSCYMzEmhIWrg7A%2BDawM7R3bT81Y6KkdYAjmVRO%2FY0b2EUAgvywYSbnLNVYdLPmv081m44hn%2BQbHAJPpG5fOVwxoCY8rbp39ZkfeJj48SSFudfzesjRAoqfn0p4uDK6g3ArK92lkEvkGP2RdSISLFOorozZKfnnuquX9MbXshzcQRw8N%7Ctkp%3ABFBM3KH7v4Jh
The Beatles White Album Collector's Edition 500 Piece Double Sided Jigsaw PuzzleOpens in a new window or tab,$10.00,https://www.ebay.com/itm/393219220377?hash=item5b8db12399:g:AiYAAOSw6RdgW6rl&amdata=enc%3AAQAHAAAA4Erx7ivXSy5QZ3UcovTUJY8JLyUDXQpOGPbCPJj%2Fj1COn0MnGhQHRzyJULmj7MkF7tM5EGU0jC%2FI3qLK%2ByZ02DFgtTRUX00x5X6KSln3gEIv0mE7hhkGQrXfipS%2FKcGpH5UJLF5zE4ehsuMttKuHqm8oGNAaBPCJHCmZI2YCAzLNpzpDx34JhvkMkWCUlgNgYkt61iuVyWbfEFoF6wxHFQ5Ew1%2Fo7iTDdfILqz2wOpPy7X%2FNxn%2BAfLtcWNDik8Fma9fQLMeNfJTU717pYb%2BjUeyDSfDewH9o%2FHTPsyRt0yLn%7Ctkp%3ABFBM3KH7v4Jh
Beatles Sgt Peppers Lonely Hearts Club Band Aquarius 1000 pc Puzzle CompleteOpens in a new window or tab,$29.00,https://www.ebay.com/itm/293879850622?hash=item446c9aa67e:g:X5AAAOSwdmJfzTKJ&amdata=enc%3AAQAHAAAA4E%2BktrTSGlwveN0l6Bo35KABHPAeq%2F2WDC2C1qsUu9o9cbGZxjGGSP11W3L2ka%2FfoMX15dYBGAGJGWi8eot7ckeYHln1YjIhL1otqeZSThwjXYx7P8JcVloCmRhvh4Ek0wr%2BKZI7c%2B9nt8w4yuXIl4T8eVMYSADUgT5LTWX7msKM179r22dy2JgvhDctemsK250gv0aM7Kgpl1%2Fbg3x9DX9v7xOVzSjMqHoBaevqLFgK%2BCbD8epXHp3K4OC1HAU1l0ruCo2jFgMnfA7yOeews%2Bn54730%2FsMNET471Ifgzaak%7Ctkp%3ABFBM3KH7v4Jh
The Beatles Jigsaw: Let It BeOpens in a new window or tab,$39.95,https://www.ebay.com/itm/144371995276?hash=item219d3dd28c:g:17kAAOSwj69h4qw9&amdata=enc%3AAQAHAAAAoAvXi%2Fps706EA5%2BT7gehIJsiIUfXQquprQGzMJ6256sBXx%2FaneloH6HsCQ48tXt3mfJEnmF4jRn5IjYh6kmcRezzyYzamJsLa4pQTkfcRJLu8AX42%2Fk3EQOzak8cL8oHL8grU0yJP7AsaWQ1AmvlIy528oBbQJ2F68oqIybFOg%2FqTHpZp3tLKJqmxw0ZVDWDucsK0dcyrF5sgvM1OnX%2B4ZU%3D%7Ctkp%3ABk9SR9yh-7-CYQ
Ravensburger The Beatles Panorama Puzzle  2020 Brand New  SealedOpens in a new window or tab,$19.99,https://www.ebay.com/itm/363841299799?hash=item54b6a1a557:g:ORoAAOSwedtiguwC&amdata=enc%3AAQAHAAAAoGi3Cla47%2F7%2FEhUZ7HW550OpcxqQprsoiGgygO2k300QKef%2FS5CNFhkMZtXthzbx2B8g94fH2W4ySfm2vtVm0i1pxgau1rRMXsjki1VG0EzZ9nIk81IX5D2apE2a63rNX6nOE9QdFhMnZ9r9Kmc%2BkdtnOwyWN%2Ba1sdhZD5mO8tVSMTKNt1%2FLtRCks%2FGybKJNlqu5FSUDIx4yKPuPF0Gsq5s%3D%7Ctkp%3ABk9SR9yh-7-CYQ
The Beatles - Yellow Submarine - 600 Piece 2-Sided Puzzle - Aquarius - NEWOpens in a new window or tab,$19.99,https://www.ebay.com/itm/234631898534?hash=item36a126a5a6:g:KZYAAOSwBMFhrT09&amdata=enc%3AAQAHAAAAoFkExKXEM2%2F24EkUCw6pPa0vPcJ5d96GgelCFez7Qib11zySygXnDLk4qTVHZ3tBhN%2BskDj2wJfIW%2BVnnWp1iuOMlHbSFNqffIYvtmx358w3C2YZvoZFpxmp2ccIudLE%2BypPHY0%2Ff7h7%2BtaRQjY7ywNtexVk%2FyqJBftCd9eBbj9V8QrzAuNw4LQ85AdYiZi4ie73eea%2FWoPgUlEL4D3ExWw%3D%7Ctkp%3ABk9SR9yh-7-CYQ
Rock 'N Roll-1000 Piece Jigsaw Puzzle-Ray Charles-Stevie Wonder-The Beatles-NewOpens in a new window or tab,$19.99,https://www.ebay.com/itm/325214635369?hash=item4bb84d8569:g:9l4AAOSwR1pil--C&amdata=enc%3AAQAHAAAAoGV32zQUPreNi0YT7ljLUKCF0ZUdLlw1pLM%2FV6X4nfDeKyUf4VTCgfYUG2adWsdCSsLfBluV4BANMPM8OzHQfXWmSglH7Z259ulu8EUe6ivlW1CCgcImED%2F85TPrpD0VXsz1O5wGcNJw%2FoFEbrHKk0os9UHf5AdXzp%2FiIgBb5Jqc0WuJdqgaWioOqM6en5r19HpLm5KVbsnJlT8es3amddA%3D%7Ctkp%3ABk9SR9yh-7-CYQ
"THE BEATLES Yellow Submarine Jigsaw Puzzle, Aquarius, 1000 Pieces, 20 x 27"" Opens in a new window or tab",$34.99,https://www.ebay.com/itm/154679747209?hash=item2403a1a289:g:-HIAAOSwrT1g0Acl&amdata=enc%3AAQAHAAAAoIzcKWwYyF0FZ%2Bc7gPPAG4d9PvOUZSAtGooBLtAlS8bid80rUYMpkuYXkj4QE699yoa0lHJHFZH7nRlCdvqh2ogYAWDA4H7YZlX9HSc8ie6xduVM6WtNHuM4jaaksu1teZXWIo3Q7oy5RxHeAec2PiH2MghY3oz08GkGA2sMAB7MkPrXpd27dX5OoRzoAVEvTexSX8VXTj5vyXuVE3vrkrM%3D%7Ctkp%3ABk9SR9yh-7-CYQ
The Beatles - Sgt. Pepper's Lonely Hearts Club Band 1000 Piece Puzzle 2005 USEDOpens in a new window or tab,$25.00,https://www.ebay.com/itm/184913227238?hash=item2b0dafede6:g:0lAAAOSwkK1g3BOD&amdata=enc%3AAQAHAAAAoAdxPkKrhiw4TOCq4Nn345u2VGy%2BFWRSmujVu7qVsVEqJc2P4waPFjB2w7pFiBBfdTRKW0OL1gykMNG2ffAvlRVXQmgSgg4InVTy4ahyg5%2BQMUn%2FBkicEYWH0x233m8sxboF03uGL%2F5ChPubbBgwvXMCR8QG6fap1h6Ybdz6sJbPShKtGXH6RCHuXPf205eKWJQ1p3aNTkBbKzxz9OrPSWc%3D%7Ctkp%3ABk9SR9yh-7-CYQ
Beatles 3000 Piece Jigsaw Puzzle - A Magical Mystery Tour of 100 Beatles SongsOpens in a new window or tab,$33.00,https://www.ebay.com/itm/304249726295?epid=25018196965&hash=item46d6b26557:g:1t4AAOSwxathqWls&amdata=enc%3AAQAHAAAA4OLASRZWnlmngdkDJCcmSpSf9mOd7zEONJrcM4ZmMBUvNvMK5bneifN2SGHrMRSLzpkboyngyZtsRBaMtasMGDbuCStxMqHV8ZBHwUzaA27kAexaI4ouTS9y0Snrrcjc%2Fmy8QJP2PpTImyH6UJqLYf9kmopztYKYe%2BNUjXT2NUfyI98c3k34iqHQbBGEzFef0w%2FwH%2BY4CfLASINxulU2APHm6LKkjJc4lv9Oo2%2B49VFbaXTIFO2mZ5oIdQeYHRU%2B6cfa7Tk9Hen265CNWEa2brZay6rfH7I4LYbpCjWKwjFM%7Ctkp%3ABFBM3KH7v4Jh
The Beatles Yellow Submarine NEW Jigsaw Puzzle 2014 Subafilms 1000 pcs FREE SHIPOpens in a new window or tab,$35.98,https://www.ebay.com/itm/304628420735?hash=item46ed44d07f:g:hH4AAOSwmYNjIPVL&amdata=enc%3AAQAHAAAA4FfEHjbo7hJh1U7b7nG7TeK0YM%2B0z8%2BscWUN3dc83UOQ0v%2BwBJ1aiKP16jHHxIcL5KFftcIVStq%2BuELk10ZaImcctDxRfszBBx2rMRtSKlnJA5MIOeo7bmgpb6jWGlTwe6P9D9smKTs2S8w23NJ%2F8H49n9fg1NXwGepAzQ0Xt2De4bVOHoV3trmoqoGr6xtJ3N3HOzX%2F1dSWDDN3FLHhZ1ZJ4mqhXUCLn2x3bF%2Bt0xaQrCzmJJqecKbHdzxmvSy1fr%2BrNVScsqCk1BgkyCbzma583HZRsPcAJBQyXClRWfwN%7Ctkp%3ABFBM3KH7v4Jh
Jigsaw puzzle Entertainment Music Beatles Magical Mystery Tour 3000 piece NEWOpens in a new window or tab,$64.99,https://www.ebay.com/itm/363526607290?hash=item54a3dfd1ba:g:93EAAOSwoTNhLp5F&amdata=enc%3AAQAHAAAAoE0kMfySjyPiy1lx1zChXOX1Ufxg4UWjBsCnjF9BUrVTeL1iyVdyn3D0sq%2Fm53M6Yj%2FS4ZnzAbCB8KtePOV46GN0PjTvZEB4wdInV289xvV8kYHa5DJt58cQNE226Pa9M82yI6QiCx%2BmUv7gPHZjfR3bvN6kLY2OWM7NFiz6%2BYtxfGfqk2NOXfhnkhMmOPPX6YmesVqFAd%2FG9XBpY4lZW5Y%3D%7Ctkp%3ABk9SR9yh-7-CYQ
"BEATLES ANTHOLOGY #1 Jigsaw Puzzle 500 Pc 19""x19"" by USAopoly 2005 CompleteOpens in a new window or tab",$17.99,https://www.ebay.com/itm/353618266756?epid=1100193155&hash=item52554a8a84:g:yHAAAOSw8S1hEy~S&amdata=enc%3AAQAHAAAAoBHdXuoxrXp4gu6Ek4viPAGPFFC702k0v55Q3nRvKAaCai3LN8PXJJj6uw3baikkLE4fHLfDvBoVe5JZl32MDy7vd5pOBHO%2BvvB3PadrI3%2BCKBQMU2AQdN1gawm8g1pRoGUqfJUFP1lxxuGeTsky4oleh9OhofB89V%2FqFMSjED6aXMrw3zwv%2B7twB8ObS8Sxr0m%2FtxGg8dmDzywSyAiPCYg%3D%7Ctkp%3ABk9SR9yh-7-CYQ
Sgt Peppers Lonely Hearts Club Beatles Puzzle By Aquarius 1000 Piece NEW/SEALEDOpens in a new window or tab,$29.95,https://www.ebay.com/itm/193712512464?hash=item2d1a2a5dd0:g:clgAAOSwzM5fQqWK&amdata=enc%3AAQAHAAAAoKS1vdA%2BNC%2BOD8Jtr9P3IRMFqO4yFu%2BlekhaLbYxAsch1q0EPxFnkuQiCX5sIaQMmTnx%2FXlnl2OxWZz28NYlQHa37APrbjgETB57MMu9EBDhaMw6DpGQKa3nJiMRp7h%2BYf3G1CLF4%2BtNIN9ans3kjwkl5s%2FpRRoJDTEo4Y9kurHsMU44Iuzn8YyEzef0OksALmvHczYAg6wfU5nU05DWFpI%3D%7Ctkp%3ABk9SR9yh-7-CYQ
The Beatles Yellow Submarine Sgt Pepper Lonely Hearts Club Band Jigsaw Puzzle Opens in a new window or tab,$24.99,https://www.ebay.com/itm/254812604287?hash=item3b5403c77f:g:~akAAOSwliVf3lWq&amdata=enc%3AAQAHAAAAoI30Y7He2eIZeEBODbA%2B3mVsQa08YSAr9tp%2Ff4DAFD17FxBOeZCopFHfgSoHeYuw8dRo7HI2bVtaw52XS%2Bpw%2B%2FW2F1OWL71N4qJDLHL3T1VZ7LazspcwS0QZRw8ZmMzIYb3%2BKEg69g%2B%2Bg2PoaVotr5Q2C%2F7N9hwxaGkebW0KxFtwTcdBlLjSvVRRc1IYDQ0Akj9mA7PntSfHIEidFADgJs4%3D%7Ctkp%3ABk9SR9yh-7-CYQ
The Beatles - Abbey Road - 1000 Piece Jigsaw Puzzle - Aquarius - Opens in a new window or tab,$12.99,https://www.ebay.com/itm/384872992883?epid=1000184423&hash=item599c37d073:g:EewAAOSwbHFic~lq&amdata=enc%3AAQAHAAAAoMVKPlphKLnLCOeClEzDgCPEhoN8xtfXXQR6lU%2FCTmo3eOhtJQUV%2BDpW88gqLFDmZutM3b16e2Ab9sV2y60E8ImLNDjHXvjAFhtdq4ooY%2Bz%2FOg%2BgzP%2BDBnhv0MY2gMmyXxeP4WcgiKy2L2Kjj1nlyCF2xVckjaiSADzNOrOiJsQBBzFZotj0QpbYm5JMnjSKvi6lAFFT%2BtWtVW%2FVwNOG0EU%3D%7Ctkp%3ABk9SR9yh-7-CYQ
The Beatles - Sgt Pepper's - 1000 Piece Jigsaw Puzzle - Aquarius - NEWOpens in a new window or tab,$23.99,https://www.ebay.com/itm/234631897924?hash=item36a126a344:g:eBsAAOSw1iFhr8BJ&amdata=enc%3AAQAHAAAAoNj%2F4NZzGAUnYOnncoul8VrD6buRjO%2B%2BwpZNJR96%2Fh5yJY1E2lhATsXE6eIQBRDDltZf7QZxns3UDqLfr%2FUf7av8o1ad5Bvyg0eRfy7fIPwONWepsBtfIiYRYdRmcQge9P3r6JYnZcT1KsHRgOXn2Pydm1uRty94E%2BD09QHM5Jib0%2FmxtbPS3PtIqOTbaIG%2BANuJ%2FguxfYhdCge%2FFnne2xA%3D%7Ctkp%3ABk9SR96h-7-CYQ
The Beatles - Sgt Pepper's - 600 Piece 2-Sided Puzzle - Aquarius - NEWOpens in a new window or tab,$19.99,https://www.ebay.com/itm/234631898529?hash=item36a126a5a1:g:jdEAAOSwMLBhr8JE&amdata=enc%3AAQAHAAAAoDi28dWKM7KAzCMHeSLDMfUsgo%2Fs2DAVnW4tcDmNvFUvfnntsZrwGFS%2F03rE1vHVAvMVaJ65Svjpj%2BUVMuVPgQTI5ZWkDmJ45hGHEnVJNCcFemIhGYVFPDNcPHCjmC9bCQxhHhUbLZUtH7JRQS%2FysAAqsHnXJ83yiG%2Blq8TGyTDhwFhvRhJtsutT57AyDyPTnOYfMN6hc%2BeieL9U6k7DEDs%3D%7Ctkp%3ABk9SR96h-7-CYQ
A Magical Mystery Tour of 100 Beatles Songs 3000 Pc Jigsaw PuzzleOpens in a new window or tab,$26.25,https://www.ebay.com/itm/125428173982?epid=25018196965&hash=item1d341a0c9e:g:L-MAAOSw1Opilu8X&amdata=enc%3AAQAHAAAAoHviQjZDROh0vD%2FhzHDRh3xMQ%2FE7XNktz24%2BOB7qPI5tw1zsV0Hrj5VrwrXgijW6qNZB8GlklEp55hZfD6YlkxJ2kRR6FETjwtZ2pIaOFEsUYbRJ74z%2F3RcQq2f8sDRlgucgKNJO%2BrLLArE5b0X2u0kMktEHZ77lvGuxeRwmFHsQl3vgLSrjDVTF95BRn5iS%2BLLPHRH3KzDLpUbeSKyw%2F14%3D%7Ctkp%3ABk9SR96h-7-CYQ
NEW Sealed Aquarius The Beatles Abbey Road 1000 Piece Jigsaw Puzzle Album CoverOpens in a new window or tab,$53.00,https://www.ebay.com/itm/353564368391?epid=1000184423&hash=item5252141e07:g:3jMAAOSw-ZJg5RZK&amdata=enc%3AAQAHAAAA4MBrEHkqt4rP0NjIlYqqKEVGN1nYeS3GwVyh7pWQHizIAEs4puzrMN0qWs9O5irJ9vWpBFJMkM%2FUjJoX1Sn6DStzQvKPfJleIKdjIIoP8safSKALPCmotU0PWKaCJE2r2OvEK%2BQVGJkQKIRXQx8zOczB0rnUd4p%2BXfT%2FWewmFvEdE6%2B%2FWpkhtANAikHi9UiZJ2QyXHE%2BzMdusRIaM1RoGo%2BGfa%2BQsDNKewPPK8DIt9U%2BD7Pgqd1EMfhR7nFPvjWXCcfJ5W6F1bKjJC6YhEt1LPUPnhIuWDoJbojBfEhYjznr%7Ctkp%3ABk9SR96h-7-CYQ
"""THE BEATLES ABBEY ROAD"" 1000 Piece Jigsaw Puzzle 20"" x 27""Opens in a new window or tab",$19.79,https://www.ebay.com/itm/144680802353?epid=1000184423&hash=item21afa5d831:g:vgoAAOSwhthi7vyP&amdata=enc%3AAQAHAAAAoNwlU3Dd5yiFO0FmkZrwswgcfM2bVpTXhhNWLZKPTe1rnnueTv7aZ2AhLxDpguPcZMRE%2FLqwe%2BpX9YfS%2Bb%2BlPmomsNHBQY43TqYjYdeL4zhcwKVtKPe%2Fh7v71rz25cbqFbLgc7f35u71KSQVr9jueUD0lY6te%2B%2FkjGpCt7aqnhSu5KQyS6Q4YA5e6qv%2BgnvwoG9aTY%2BseFeZ%2FI%2Bn8I11DtY%3D%7Ctkp%3ABk9SR96h-7-CYQ
The Beatles Jigsaw: Live at the BBCOpens in a new window or tab,$39.95,https://www.ebay.com/itm/144371996816?hash=item219d3dd890:g:CrwAAOSwOMVh4q4m&amdata=enc%3AAQAHAAAAoF7AMzrv7zjf83Fy88lITRlFSLwE5DZGBBWEMA5lKRWdW1DWthisNOOVOFhC%2FwQnDWe2qbf5TDFrlZgyZDM8wrA7F0dtv1ioEvmEiI%2F12XuuH2r%2FKPedfHxLwX1poVoKZfCDOwCOeSsDpbu10dl9ygjcSS2scnFkCGyVp4zIrJD35b%2FXwmlypVrt%2FjtuAkUPB4MAL8BJ2CR4LyfU%2FE907Kk%3D%7Ctkp%3ABk9SR96h-7-CYQ
NIB!! Beatles For Sale Puzzle Album 500 Pieces SEALED Collectors Edition Opens in a new window or tab,$20.00,https://www.ebay.com/itm/304645771092?epid=1400171812&hash=item46ee4d8f54:g:WZwAAOSwcFhfdOlE&amdata=enc%3AAQAHAAAAoOn3CdQtpycSjbV5U1Fefio6qNLlaYUG1BkS8qyLKN4Fz4jkEP7%2FpqMLwy5kKcKtTiq8ykD8LHQP7UekXG%2F0rjniCRwLwUlD7j%2FCkzMr%2BIjUCq3PcYqCTTs05WFNjxj330ye5jHtk5Z2gA5CXWqrZDab%2Fwnh6M2NQkg3okDoNJdd1jMp6i0T4jCHpln1Wli%2F8OQlGlpqeiDr1GBQq1jzKR8%3D%7Ctkp%3ABk9SR96h-7-CYQ
Aquarius Puzzles A Magical Mystery Tour Of 100 Beatles Songs 3000pcs The BeatlesOpens in a new window or tab,$29.99,https://www.ebay.com/itm/304038564479?epid=25018196965&hash=item46ca1c527f:g:6A0AAOSwzv9gzlgZ&amdata=enc%3AAQAHAAAAoPncSzFE3c3hrHxPVztKfwJWn5fHABuTdmDc489I7SOhEHqpHZSD7uMT%2B%2BIUtkairq9krA%2BsZ1GIX0h2JfzhA5Ixdyu0rCwv3lZC%2B%2BDUhXnWUy5h1aGQ2ErwA8aaIRl2Sifo%2FFN2QRLuIhSTB18uzNC1fJ3JsyJ0mhCR%2Bg7RVJI%2BNz4EC0xhqM2LAlHg8OFeiFGyA9xqHO62QyUFLAr8bVE%3D%7Ctkp%3ABk9SR96h-7-CYQ
The Beatles Jigsaw Union JackOpens in a new window or tab,$159.65,https://www.ebay.com/itm/304658905165?hash=item46ef15f84d:g:PT0AAOSwYZFjRd0F&amdata=enc%3AAQAHAAAAoKBJimetLHlTcrFaf4cdemdFasIAn1VToLFebv2%2BPtEY7iwvvMv%2F5vZ8P1KwbD8vJxKPYYvV0W8C45IzNXk5zmUlEQgRl04ugxCcZLScx9b0337Sbg5POMgiBvOuh32F8HAmzVOTsG6rOr2ryIpk7JTKiBfXsK6gEtpPDK%2BWATOWLzrWetPSK0mvH7PLM1HhBEFqPJdLmVICGax2eGFIiio%3D%7Ctkp%3ABk9SR96h-7-CYQ
John Lennon Beatles SEALED Eurographics Puzzles  Color Portraits 1000 Pieces G2Opens in a new window or tab,$19.99,https://www.ebay.com/itm/373636220726?hash=item56fe744736:g:09IAAOSw2CZg3sx5&amdata=enc%3AAQAHAAAAoIG7Y28wviml6j4Te483JGor7wN1xBAzyPpcZM86B90XsqcMZwruYBhP4amUm1yJh2kMMGx2OT0lljKqBNe%2Btg2rtUn8sd2CcyC%2BpLKMWd23cExypLvM%2FBqQjXl16OWhrCgVZod60q5Ldp1XRPngMY1wQUnLkStLZjzg9m9lvXbbLINiTh9OoYKoLvsishFDrdZUVIikC73BNLhGUuQMOWI%3D%7Ctkp%3ABk9SR96h-7-CYQ
"Ravensburger 1000 Piece Jigsaw Puzzle The Beatles Tickets 20"" x 27""Opens in a new window or tab",$12.99,https://www.ebay.com/itm/324905186779?epid=18020741548&hash=item4ba5dbb5db:g:O4kAAOSw329ggw7E&amdata=enc%3AAQAHAAAA4MfGspXJ93cODGJYppTpP2pttS14m3256%2FR64pVkfxgSCJqfCrkB4EIVdHlVGHEtiMEoZDBZk6idsbvpGShunYORgGg0G1Ajd1ZF32ydCwTV6DEoanuwIdnI%2FwuK5366OFF2B%2FPxDsL9kIWtH8QFq90wz2bchDkgbcg7gfFh2gFt0TeKaJhoC%2F36paAoAjsRtSNm%2FX0QoqRKWpwqi8AZtCX30GOFtIrj9hSMSmwQY0aOE0xLiH6E8a0o4OSZJYxzwZx7bMxiRYDuTIfbWMNvO2NddadRtpdokKwoSFBNaaQU%7Ctkp%3ABk9SR96h-7-CYQ
Castorland Abbey Road 1930s 1000 pc Jigsaw Puzzle Street Scene City Opens in a new window or tab,$18.99,https://www.ebay.com/itm/354246030698?epid=17035126564&hash=item527ab5756a:g:-rsAAOSwnotiUPj-&amdata=enc%3AAQAHAAAAoHHw2QbQ7A72iK6RV1yNEaMUJ62APBZ0r7qNzn7Ru0mybpqFGhteOHBIWR%2BZQbQkifcmAvgRT2RTcRkJKKViXYgQZcjLnprTviC4f8gCu2E6urFcT8u9qj8%2Fj2a%2FJEoPpGFZQNfMhoIcWjL62uqP%2B0vnsEt88bJTJcyt3P5ZiyzqQxDgbHg9RUr6lbVzhtiJAEJlQ%2FgceFLnl9AAdk%2FrEOk%3D%7Ctkp%3ABk9SR96h-7-CYQ
The Beatles Sgt. Peppers Lonely Hearts Club Band 1000 pc Puzzle Aquarius NIBOpens in a new window or tab,$30.00,https://www.ebay.com/itm/175246843852?hash=item28cd869fcc:g:bYEAAOSwXFhgnCfK&amdata=enc%3AAQAHAAAAoHe%2Bp2RpGvTfakjF3yKvT8JPkPSF8z5sl5DE%2FufnOjMubAaxxTVUHfaSiBnmbN67CPKH4bWnMHFxt44EI6doX2tpajueXovv1CcuKAag0fPhQbaV3W%2BFHF5gKUfqiFbFakJX2%2FRLy4CvmwguRf%2Bq049NoOVwuQrFtBlIDe%2By9XFyMuvGq3f5JDi6k7S3IROUokUs2HH8Bywt6J3%2BXCfxXXA%3D%7Ctkp%3ABk9SR96h-7-CYQ
The Beatles Yellow Submarine 2 Sided Jigsaw PuzzlesOpens in a new window or tab,$15.00,https://www.ebay.com/itm/313820137032?epid=1400055421&hash=item4911234648:g:wTYAAOSwZf9h1Rc1&amdata=enc%3AAQAHAAAAoC2CsDPWqkTu0L0asjsyGORR5NedSTCDPfvXv9TxmBJabFCLZBSLOhQdacoTtUGjGlgtdwK28xf%2BuioNSGpBe%2BHKbjTwdzvkbswlDl0gzq93VrbOCnYshnGdlzIEmGQ1CkdttmWDaUJrdH3BmakOxz6y%2BPuExQ2S3%2BjlAdAfBHxbIWOvQb%2FF8Bd52%2FwSIbqBY0ndzGNS6a5qOTlzHkm0e1k%3D%7Ctkp%3ABk9SR96h-7-CYQ
Beatles The With 1020Pcs Limited Edition Of 2000 PiecesOpens in a new window or tab,$186.98,https://www.ebay.com/itm/304661077142?hash=item46ef371c96:g:KM4AAOSwU2RjSIVJ&amdata=enc%3AAQAHAAAAoH2DOZioyRF6GL0eJLXgfzkwjKW%2B9xWcM25L5aC5Sx7IvmboBBQvFrG1c3e7qxwvIMPm7AhLCgfZyrD3NFdUKO%2Fng3jTk2%2Bn3Q7b4ur0oPHahna%2Fo3iNq%2B1cX8dYILXmvOeULqqMDySpre4zoW30Pl9pFYF%2Fe72blRR3O3pj9F7xyu3kyBspxUUKQA73Uq8Sd2wvU3TZ3ZNtZ9A4UHq0GQg%3D%7Ctkp%3ABk9SR96h-7-CYQ
The Beatles Abbey Road  NEW Sealed Aquarius 1000 Piece Jigsaw Puzzle Album (stuOpens in a new window or tab,$30.00,https://www.ebay.com/itm/304458764021?epid=1000184423&hash=item46e3280ef5:g:p4YAAOSwXOhhplQA&amdata=enc%3AAQAHAAAAoMmtm36jK7mbRzvDiqIdyr3SS02FpnyOXIUSvMoGD3Rerqvag1SfNgyjbAhx8ahBAIdDE16hxpW8B%2BuJdsyLea0XDnC36AypXAcjDkwpBcEEDGvCjENC%2Bu5d7BZFoLLoYEEhxEcQ1UUuvxaB2M9rM8fwwy2vRkG3cLahtSJdi4YRjsCxEA4udgyN07%2BnOPht2T3vuqMDCYZ9ACyiDZ8FgD4%3D%7Ctkp%3ABk9SR96h-7-CYQ
Beatles The Apple Record Jacket 1000PcsOpens in a new window or tab,$186.98,https://www.ebay.com/itm/304661076950?hash=item46ef371bd6:g:YSkAAOSwL85jSIVT&amdata=enc%3AAQAHAAAAoLHPnjtUUCEKpDl5aQhXNW3kgxUI8A%2BTm4j0HrNXCs0sAIx3Fa%2Bl%2FoWRKiVv9pqUKhFRy7fULieXVGNFEO%2B%2BRWSEJScEjDRW2%2BvWqTR8VLNRXJu7JFXKjNsbufjUPHLqoZz7Moo%2BeJ86gTeM1fwaeyi30lY4%2FZy0PEGUw3uQFErJ2j0Jm8wAnHtQU34MKz2XwdWodrK0bm8Bab%2Budg1u8Lg%3D%7Ctkp%3ABk9SR96h-7-CYQ
Beatles Antholgy  2  500 Piece Jigsaw Puzzle 1998 - New! SealedOpens in a new window or tab,$11.96,https://www.ebay.com/itm/154593143987?epid=1600727452&hash=item23fe782cb3:g:ZNAAAOSwb7xfxDRG&amdata=enc%3AAQAHAAAAoPxz7s1xP7z5gbXtvGeGEsvJ96pGyvwcbsr7M%2FyXGZltaMcnqqPF%2BbussadDZ0bq%2B61kPrmcESmOqUB588Tq7vCby4TDegIQMp0X5AvOKHgn3o8Aa%2BSSpRgKwQYMpyQ5ZjN4Ls1NzBwe3YNTnYTa30R5JeIbIV9P4JAYUc078PMWqL3e%2BefeoctXzSj%2Bs3oSVdfWZB7zCcd0iAxj%2BTfbb7I%3D%7Ctkp%3ABk9SR96h-7-CYQ
"The Beatles Puzzle Yellow Submarine 1000 piece, Puzzle The BeatlesOpens in a new window or tab",$50.00,https://www.ebay.com/itm/333869939101?hash=item4dbc32f99d:g:XGkAAOSwUN1gEJVB&amdata=enc%3AAQAHAAAAoGc%2FfnEVIBPZPG%2FeMUaEcjyQz4Tg%2FPbh89YdT94NdBVxw5OGBmst6vE%2BLTwtJiIKxfogmJOGjPdr9XxbZJO7XKYp6GneFpGGtEgRmz6XdWiCGzL1cmmGmfdIKtD1SEJKcqRMBrgDbCHaFmRQ1Gai3t7o3Hqny4AMuDgoNZKHCPdkenvmQunaOTfgvtAX%2FM1smZ3I6cCKbmFZlKf6%2BCSg468%3D%7Ctkp%3ABk9SR96h-7-CYQ
The Beatles Hard Days Night Jigsaw 1020 PackOpens in a new window or tab,$157.27,https://www.ebay.com/itm/304658905374?hash=item46ef15f91e:g:WRYAAOSwdvJjRd0H&amdata=enc%3AAQAHAAAAoB9aojUPCUJ1hySyGfRwkR%2FeubCt8PQ9k1co84Clz4NVqIiBsRnd4M6ucA%2B5byhMWShtytmsNzJaCAcCYVOyv2LaQ%2BtvCLLhjnt%2FIBhQVlwyyZeWg46v4n5LZDWarf%2B9oJUKyZzGqOatPFgKgxT4rHXBlRe9UbadE3HK1%2B5m7Ikk8syhEiYavO3NbY4Q%2Bj0nRlAGFYFnu4awEnMyvBxxTlk%3D%7Ctkp%3ABk9SR96h-7-CYQ
Eurographics John Lennon Puzzle Color Portraits 1000 PiecesOpens in a new window or tab,$18.00,https://www.ebay.com/itm/304594544201?epid=12019030844&hash=item46eb3fe649:g:VzcAAOSwvZli9A47&amdata=enc%3AAQAHAAAAoB8hbwXagEFZKzXNyZAyPhJYoWB3xGRu%2FFaQ7meFLPIBaffhPamTxmIcTtD7juNCsAZ8ob5StRFxyGM0DghixfmYxw9dKdbYbvZY8TH8fAwc8QUNJYZNAbDyTuSRfw3elwQueW1XBAw4dvN0RfUAHFT0ElUVzZcrcR2jsRkGjKdahPrayaj5k7wAFYQWeRm%2BwYOwwkYylIZrM39SvlGV3nQ%3D%7Ctkp%3ABk9SR-Ch-7-CYQ
"Jigsaw Puzzle The Beatles ""Beatles Abbey Road"" 1000Pcs PL1350Opens in a new window or tab",$44.99,https://www.ebay.com/itm/392757041735?hash=item5b7224da47:g:56AAAOSwNlleFtQZ&amdata=enc%3AAQAHAAAAoAi3lfbYVXf6VCWQQR9sG0mi%2Fi5Xxxo6kZN%2BM0S5Bt4b3qf04DfupjJeAp0jnR0IssRwFeiU%2BbOXN514hrwG4ekMHEDX4l2BH1y8hnNnLwMfkeio%2F4LGW2RUYTHJLUlPCb%2BHivi%2B6CNUXp5cUosiPl3Ry862OIFfzDUmw18ZRBJv3W80WNpbLHamP3SsZa1dsVBg7AydNWnC3inMpcy2MSI%3D%7Ctkp%3ABk9SR-Ch-7-CYQ
The Beatles Anthology 500 Piece Collector Series Puzzle SealedOpens in a new window or tab,$34.95,https://www.ebay.com/itm/303672582181?hash=item46b44be025:g:takAAOSwk69fTuJf&amdata=enc%3AAQAHAAAAoF1iB%2BPbxWkMvWJxDIo5vYoN153h%2BKskTnHHVG3RIV0lOBng8%2BhahCss3awAo9UHqxsmwYFxQNhyGqYy4mYIAMJndD3vbcmlyioTjKyFUqrzOZJPbZo8tciC1qDg0pWuZLCs8XCpldF%2Bh56txLl7PR0nEtN8SrS63aTkXBXV7tT4mVSvNLZLl3cJZIxDUAs7AGYi06PUia0%2BONwKfFTrQj8%3D%7Ctkp%3ABk9SR-Ch-7-CYQ
Beatles 3000 Piece Jigsaw Puzzle - A Magical Mystery Tour of 100 Beatles SongsOpens in a new window or tab,$36.99,https://www.ebay.com/itm/115114280133?epid=25018196965&hash=item1acd5884c5:g:J8wAAOSw0J5hoWpN&amdata=enc%3AAQAHAAAAoOCKT2RF4zflwy6rnZKY7n1WdrAiUQo0GbQ2LkBn%2FARZUJqvFDc%2BomjNXewveabZfI5ebF5aMY%2F%2FDqiTwQRLKTTDzH9V%2BM%2Fy1ayOHHGG4ilZlqwt5I%2BtIxHZNbGN6hd5dqeESPryIEOQce%2BvgeT9WtZaszwfIIjIFPgiWGNmYB%2FqoWCQym3MBc5SUaUeS%2Bo%2By8iJtvwk5C3bHbsKC62TNCg%3D%7Ctkp%3ABk9SR-Ch-7-CYQ
The Beatles 'Let It Be' 1000 Piece Jigsaw Puzzle - NEWOpens in a new window or tab,$19.99,https://www.ebay.com/itm/274725809839?epid=3044977449&hash=item3ff6ef2eaf:g:t2AAAOSwzl5gVI8C&amdata=enc%3AAQAHAAAAoAI4jT2oVzkXNtJ87%2BlEiwIvGG0Z9yVeSX3OCLBsO%2Fq7ufTWEUnUSRExNgkpWTIWJz%2Fht6Hhy5sIpEvv56nKv1xQUdKUntACDtW15pV99SnJB63mJzzSo7OXVVX8o4U8ac4qCdVoI%2BktZXGmFnBLF3BtB2zI0Iur%2BFngwQeTTIRQd%2Bs9csHXZGpaYcRns0tZePbWSQHkjhnMkMdvxq%2FKJzE%3D%7Ctkp%3ABk9SR-Ch-7-CYQ
The Beatles 'Sgt Pepper's Lonely Hearts..' 1000 Piece Jigsaw Puzzle - NEWOpens in a new window or tab,$19.99,https://www.ebay.com/itm/274988171588?hash=item4006928144:g:HNIAAOSwBslhazYI&amdata=enc%3AAQAHAAAAoHet2ABxTe6y19sLjXaQp%2Bnyi%2F9J6Pfv5frN%2B1h7cPufjnYBFo1IO31Hu5VWjKUlEK%2BR9cdccEy6DFWgz2Q%2FxvL26kseWTrz325vYp6RUlyMMwv9xXUrFGoTbZK0VOEEaLM6ej0Zv%2Bex1OYcgNrOGMGoy4mVHqZqKuPBsjtz9UaiaWx9Fx%2B51ctcM7lm9ZqgO8H6tfsFMKZ%2BxIbnpm%2FwImk%3D%7Ctkp%3ABk9SR-Ch-7-CYQ
The Beatles 'Beatles For Sale' 1000 Piece Jigsaw Puzzle - NEWOpens in a new window or tab,$19.99,https://www.ebay.com/itm/283661582446?hash=item420b8c406e:g:ZAAAAOSwTzBdvKkC&amdata=enc%3AAQAHAAAAoN5ydOSHAYWnrBoQLTVDsyH70XbeDVDXq%2FwHjgWV3V73Y07Y7rBDoBu%2F3E4kuDYtRtB25FkUp%2FAb%2Fl%2BUeKlNm%2FCkl6j1TcdAFPKujex2JgbejLj9By669HxjE6XSBOD%2BZMSu2Xnap3Qf6HYfvZssbdqWgEL%2BOXOSH05w9AL64w1G2Wcd5wZsbjRWkc0gZCVtRi126PaYxBVJIZsq7OX3Fys%3D%7Ctkp%3ABk9SR-Ch-7-CYQ
The Beatles Magical Mystery Tour of 100 Songs 3000 Piece Jigsaw PuzzleOpens in a new window or tab,$44.99,https://www.ebay.com/itm/265876688683?epid=25018196965&hash=item3de77c4f2b:g:s5IAAOSw2-9jGpSV&amdata=enc%3AAQAHAAAAoHHysednIB8x4Y8oXSwgREANzgx6e2NU9dbar70qLV5UzN1C3h2SEhlubX1VDx30ae4OT9MPnkOuf4dvFTEBZXupt9uc8HHGo0drOY86TT3JYql769HteR9RkTY6cBZvCu8SS%2Bkp%2BtfVjBR4xiaQLNNG6WPz3mQhKXSFiqY%2B6%2BTCEkmOc4K%2BTREbWuTA2wtVx3us9hFsBq0DCt9Q0Sh%2Fm7c%3D%7Ctkp%3ABk9SR-Ch-7-CYQ
Beatles 3000 Piece Jigsaw Puzzle - A Magical Mystery Tour of 100 Beatles SongsOpens in a new window or tab,$34.99,https://www.ebay.com/itm/255645222761?epid=25018196965&hash=item3b85a48769:g:02UAAOSw8nti3gsK&amdata=enc%3AAQAHAAAA4BdPKu7RedBKKVZMZa2J2yzF2b3ROJhd7tz9r3jIsn51cmsiDSmaiwZG56igrloQproPlnFVlK5CboyzJG8XP1KY9mwJw4UBbyhO%2FPaEPig2xDcCIntv2wcB8r2n29wV%2BkVVXZXN09oGxMV%2BHJEH9Yk59JgwwTGRCq9XE8qK4tQjkbWzuj20imv8jzf02c1RpMsNq%2FFSNAkldodR4nTHwHk%2BxH61nvU6Yea%2BpNG5XAU%2B%2BLvAbVlgbHsfI9wGPukDWEsqQLJ7pfLKR%2FSTibYd16GyqCY6gQ4Vw4IDNk1jnuBk%7Ctkp%3ABFBM4KH7v4Jh
The Beatles 1000 Piece Jigsaw PuzzleOpens in a new window or tab,$18.00,https://www.ebay.com/itm/314200717261?hash=item4927d277cd:g:vt4AAOSw~tVi9tUT&amdata=enc%3AAQAHAAAA4LLCzWatuX7YQ5Zc8EpB8loKQ7WEC8zH3Uj9B1mkn4qIFShCXAA18CYyazON76EL4TUA25jF%2Bf7LWvf95fVR5qvW4ibbNz6Pw3yyAEA%2Bipd28Lk9b%2BdDkZue9vw4PLdGUfnMkYyh1zn%2FLRXdwRCmvccoAY4qaUEe368wi4%2F8ORaXqyXc%2Bwt4CKrtXyH%2FpqIOZXiNrlHZDYL%2B21QbTR%2Fhgd9UgeBXRxAdGHrb2L4PmcIWkNF%2BAZ5aEBAh9d7%2BjyJU1CenWU60B%2BsAAipfjkFb7gwlNvaOVo63sK%2FxBc8xGQzc%7Ctkp%3ABFBM4KH7v4Jh
